<?xml version="1.0" encoding="UTF-8"?>
<mule xmlns="http://www.mulesoft.org/schema/mule/core" 
    xmlns:xsi="http://www.w3.org/2001/XMLSchema-instance"
    xmlns:spring="http://www.springframework.org/schema/beans"
    xmlns:mql="http://www.mulesoft.org/schema/mule/mql" 
    xmlns:json="http://www.mulesoft.org/schema/mule/json"
    xsi:schemaLocation="
               http://www.springframework.org/schema/beans http://www.springframework.org/schema/beans/spring-beans-3.0.xsd
               http://www.mulesoft.org/schema/mule/core http://www.mulesoft.org/schema/mule/core/3.1/mule.xsd
               http://www.mulesoft.org/schema/mule/mql http://www.mulesoft.org/schema/mule/mql/3.1/mule-mql.xsd
               http://www.mulesoft.org/schema/mule/json http://www.mulesoft.org/schema/mule/json/3.1/mule-json.xsd
               ">

    <spring:beans>
        <!-- Load passwords from external file -->
        <spring:bean class="org.springframework.beans.factory.config.PropertyPlaceholderConfigurer">
            <spring:property name="locations">
                <spring:list>
                    <spring:value>example.properties</spring:value>
                </spring:list>
            </spring:property>
            <spring:property name="systemPropertiesModeName" value="SYSTEM_PROPERTIES_MODE_OVERRIDE" />
        </spring:bean>
        
        <spring:import resource="activity.xml" />
        <spring:import resource="salesforce-join.xml" />
    </spring:beans>

</mule>

